Week Number,Place,Username,Peak Rating,Wins,Wins in First 25,Counted Wins,Core Rare,Core Epic,Core Legendary,Trial Rare,Trial Epic,Trial Legendary
51,1.0,Wilderness,1541.046784,23,22,22,0,0,2,0,0,3
51,2.0,Mirage88,1505.061248,87,22,22,0,0,2,0,1,2
51,3.0,あ,1493.08992,22,22,22,0,0,2,0,0,2
51,4.0,TheHassy,1503.555136,21,21,21,0,1,1,0,0,2
51,5.0,Ayo,1503.04,21,21,21,0,0,1,0,0,2
51,6.0,Nonchan,1510.829792,32,20,20,0,0,1,0,1,1
51,7.0,Resonator,1492.061312,20,20,20,0,0,1,0,0,1
51,8.0,Fantomasek,1486.757728,38,20,20,0,0,0,0,1,1
51,9.0,Gandalf,1477.329472,42,20,20,0,1,0,0,0,1
51,10.0,Ἄρης,1477.278592,20,20,20,0,0,0,0,0,1
